<?xml version="1.0" encoding="UTF-8"?>
<beans xmlns="http://www.springframework.org/schema/beans"
	xmlns:xsi="http://www.w3.org/2001/XMLSchema-instance"
	xsi:schemaLocation="http://www.springframework.org/schema/beans https://www.springframework.org/schema/beans/spring-beans.xsd">
	
	<!-- Root Context: defines shared resources visible to all other web components -->
		<bean id="dataSource" class="org.apache.commons.dbcp.BasicDataSource" destroy-method="close">

     <property name="driverClassName" value="oracle.jdbc.driver.OracleDriver"/>

     <property name="url" value="jdbc:oracle:thin:@121.140.42.227:1521:XE"/>

     <property name="username" value="giantstudy"/>

     <property name="password" value="gs123"/>

</bean>
<bean id="sqlSession" class="org.mybatis.spring.SqlSessionFactoryBean">
	<property name="dataSource" ref="dataSource" />
      <property name="configLocation" value="classpath:/mybatis-config.xml" />
</bean>
<bean id="sqlSessionTemplate" class="org.mybatis.spring.SqlSessionTemplate">
	<constructor-arg index="0" ref="sqlSession"/>
</bean>

</beans>
