<?xml version="1.0" encoding="UTF-8" ?>
<!DOCTYPE configuration
  PUBLIC "-//mybatis.org//DTD Config 3.0//EN"
  "http://mybatis.org/dtd/mybatis-3-config.dtd">
<configuration>
	<settings>
		<setting name="jdbcTypeForNull" value="NULL" />
	</settings>
	<typeAliases>
		<typeAlias type="com.com.com.vo.BoardVO" alias="BoardVO"/>
		<typeAlias type="com.com.com.dto.BoardDTO" alias="BoardDTO"/>
		<typeAlias type="com.com.com.dto.DownloadFileDTO" alias="DownloadFileDTO"/>
		<typeAlias type="com.com.com.project.dto.EmployeeDTO" alias="EmployeeDTO"/>
	</typeAliases>
	<typeHandlers>
        <typeHandler handler="org.apache.ibatis.type.LocalDateTypeHandler" />
    </typeHandlers>
	<mappers>
		<mapper resource="mapper/mapper.xml" />
	</mappers>
</configuration>